{"cameraMode":{"drawMode":0,"name":"Shaded","section":"Shading Mode"},"sceneLighting":true,"audioPlay":false,"sceneViewState":{"m_AlwaysRefresh":false,"showFog":true,"showSkybox":true,"showFlares":true,"showImageEffects":true,"showParticleSystems":true,"showVisualEffectGraphs":true,"m_FxEnabled":true},"in2DMode":false,"pivot":{"x":280.68170166015627,"y":32.078712463378909,"z":-109.70735168457031},"rotation":{"x":-0.03185215964913368,"y":0.9495857954025269,"z":-0.2945994734764099,"w":-0.10266973078250885},"size":37.674034118652347,"orthographic":false}